{"nodes":[{"id":"cakerFirstFunction0","name":"AWS::Lambda::Function"},{"id":"cakerFirstFunction1","name":"client"},{"id":"cakerFirstFunction2","name":"AWS::Lambda"},{"id":"cakerSixFunction0","name":"client"},{"id":"cakerSixFunction1","name":"AWS::Lambda"},{"id":"cakerSixFunction2","name":"AWS::Lambda::Function"}],"links":[{"source":"cakerFirstFunction0","target":"cakerFirstFunction0"},{"source":"cakerFirstFunction0","target":"cakerFirstFunction1"},{"source":"cakerFirstFunction0","target":"cakerFirstFunction2"},{"source":"cakerSixFunction0","target":"cakerSixFunction0"},{"source":"cakerSixFunction0","target":"cakerSixFunction1"},{"source":"cakerSixFunction0","target":"cakerSixFunction2"}]}